{"val_loss": [0.37443819642066956, 0.2207856297492981, 0.17974503934383393, 0.14607862532138824, 0.15787744224071504, 0.16923997104167937, 0.17517462074756623, 0.14431844651699066, 0.132527194917202, 0.12442253828048706, 0.09384540915489196, 0.08888400793075561, 0.0936183288693428, 0.07282561510801315, 0.08093169331550598, 0.07179485261440277, 0.0695055216550827, 0.06224901378154755, 0.06845839470624923, 0.06503757834434509, 0.05898387655615807, 0.05937715396285057, 0.055677573382854464, 0.06460635513067245, 0.05455688536167145], "val_acc": [0.8904999971389771, 0.9315999984741211, 0.942199993133545, 0.953000009059906, 0.9523000001907349, 0.9473999857902526, 0.9458000063896179, 0.9553999900817871, 0.960099995136261, 0.9614999890327454, 0.9710000038146973, 0.9723000168800354, 0.9708999991416931, 0.976800000667572, 0.9755000114440918, 0.978000009059906, 0.9782999992370606, 0.9812000036239624, 0.9785000085830688, 0.9794000029563904, 0.9828999996185303, 0.9827999949455262, 0.9834000110626221, 0.9799999952316284, 0.9833999872207642], "loss": [1.0776045620441437, 0.2784407466650009, 0.1571031888326009, 0.11143920173247655, 0.09028110404809316, 0.07355750103791554, 0.06292072882254919, 0.0553840604921182, 0.04789880414803823, 0.0418184148768584, 0.03732488031188647, 0.033084701374173166, 0.029455275336901347, 0.026102326065301894, 0.023187400152285893, 0.02028365358710289, 0.018152614248295625, 0.01584945401797692, 0.013527192547917366, 0.012547054328024387, 0.010836684020857017, 0.009715889394283295, 0.008798306373258432, 0.00731104202568531, 0.006850371633966764], "acc": [0.6835500001907349, 0.9199166615804036, 0.9535000006357829, 0.9668999989827474, 0.9728833357493083, 0.977483340104421, 0.981416666507721, 0.9836666584014893, 0.9857499996821085, 0.9879999955495199, 0.9889499942461649, 0.9906500101089477, 0.9916166623433431, 0.9924333294232687, 0.9938833395640055, 0.9946166753768921, 0.9953166643778483, 0.9963499943415324, 0.9968833327293396, 0.9972499966621399, 0.9978666623433431, 0.9980166594187418, 0.9982333342234294, 0.9988999923070272, 0.9988499959309896]}