{"val_loss": [4.939669799804688, 4.349473571777343, 3.985617995262146, 4.033215808868408, 3.736153268814087], "val_acc": [0.526199996471405, 0.5359000027179718, 0.5454999923706054, 0.5455999970436096, 0.5272999942302704], "loss": [6.903065609931946, 4.631463956832886, 3.914230924844742, 3.511655879020691, 3.3830894410610197], "acc": [0.4298749979585409, 0.5448749989271164, 0.563475002348423, 0.5671000018715858, 0.5582749947905541]}