{"val_loss": [3.7828673934936523, 2.830067319869995, 1.941979079246521, 1.3527477741241456, 0.898037543296814, 0.8079891896247864, 0.7916615748405457, 0.5038800704479217, 0.6403790581226348, 0.4695431685447693, 0.39719865918159486, 0.5403569304943084, 0.5720959496498108, 0.3291285020112991, 0.2297844684123993, 0.3021917423605919, 0.3168895775079727, 0.19027065321803094, 0.2532686027884483, 0.20705562680959702, 0.22148142602742876, 0.14230416409671306, 0.35564872086048127, 0.2382924537360668, 0.32132767885923386, 0.14943477667868138, 0.12058869205415249, 0.1335323731601238, 0.1416072715818882, 0.09804250054061413, 0.2781789118051529, 0.28275610573589804, 0.18073273688554764, 0.20158658638596536, 0.13997661836445333, 0.09964026518166065, 0.12439317828975618, 0.16328035255894066, 0.13258844073861836, 0.15468545965850353, 0.24457417972385884, 0.10243735816161044, 0.07369299702346326, 0.11435789695009589, 0.07989154034294188, 0.12224260807037353, 0.2529451330006123, 0.21092954337596892, 0.1706612992659211, 0.12674777051433922, 0.06364587476477027, 0.11244662242010235, 0.18005702324211598, 0.15707935094833375, 0.14458620401099323, 0.089594431349542, 0.06953159496188163, 0.674744873009622, 0.1200331768207252, 0.0524421969638206, 0.05115071479929611, 0.36798069409105594, 0.03145641772076488, 0.14994407329708337, 0.11932969559915364, 0.15335341319441795, 0.04149526544846594, 0.05807728186831809, 0.06088544747792184, 0.07139332332182675, 0.0625040021026507, 0.042036964282160624, 0.060076724365353586, 0.08951836733613164, 0.0658582309866324, 0.08818725784309209, 0.10484588572755456, 0.06448203517589718, 0.09862718860269525, 0.14093998269177974, 0.06716217202949337, 0.5279600621759891, 0.07232448260358898, 0.07218029372626916, 0.046950384224473965, 0.17332372000440954, 0.09695710237370804, 0.06857708707553684, 0.1096513191901613, 0.03885058881482109, 0.13839924602769316, 0.06812051651766524, 0.11003472164789856, 0.11424933394417167, 0.05662335770299251, 0.12824114846996962, 0.037746845725923774, 0.08849344835281954, 0.12121636484029295, 0.0633680422234147], "val_acc": [0.11, 0.305, 0.4775, 0.625, 0.73125, 0.765, 0.74125, 0.82875, 0.79625, 0.84625, 0.8775, 0.82625, 0.8075, 0.885, 0.92625, 0.9075, 0.88875, 0.945, 0.9175, 0.9275, 0.9379042690815006, 0.94375, 0.8775, 0.93125, 0.8975, 0.9425, 0.96125, 0.9675, 0.94875, 0.96875, 0.905, 0.89875, 0.94125, 0.9375, 0.95125, 0.97, 0.95, 0.94625, 0.9625, 0.94125, 0.94, 0.9521345408274317, 0.97375, 0.9575, 0.97625, 0.95, 0.9175, 0.92875, 0.935, 0.97875, 0.98, 0.9575, 0.9325, 0.93875, 0.96125, 0.9625, 0.9725, 0.8725, 0.97, 0.9875, 0.97875, 0.908150064683053, 0.9875, 0.95875, 0.95875, 0.9575, 0.99125, 0.98125, 0.98, 0.97375, 0.98125, 0.98875, 0.97875, 0.97125, 0.97375, 0.9675, 0.965, 0.97875, 0.9775, 0.96875, 0.98, 0.86625, 0.9650711513583441, 0.97125, 0.9875, 0.945, 0.96625, 0.98625, 0.97, 0.98375, 0.96625, 0.98875, 0.97375, 0.97375, 0.98375, 0.96375, 0.98625, 0.98625, 0.975, 0.9825], "loss": [4.373511033058167, 3.523947548866272, 2.7437290000915526, 2.2504486656188964, 1.8288328075408935, 1.5054595232009889, 1.2628457009792329, 1.164657962322235, 0.9086183226108551, 0.8599660986661911, 0.7759626024961471, 0.6828628140687942, 0.7039060515165328, 0.5393660950660706, 0.5484953501820564, 0.4907473999261856, 0.5021174994111061, 0.41482330948114393, 0.3876559276878834, 0.4376536241173744, 0.394152866601944, 0.3468692748248577, 0.3237726443260908, 0.3379783045500517, 0.3495334392040968, 0.2918773806467652, 0.31027585826814175, 0.2856320247799158, 0.27776105411350727, 0.28935639768838883, 0.2746781243732436, 0.27137677170336244, 0.27930697187781334, 0.2208851984888315, 0.20958189746364952, 0.23517126992344856, 0.20914970837533475, 0.22323588823899626, 0.17044791417196392, 0.218344993442297, 0.20663137243594976, 0.15712751243263484, 0.22375287855044007, 0.20923717573285103, 0.18545481984503567, 0.1535607006214559, 0.2057445796020329, 0.1762756627704948, 0.1754169911891222, 0.18945513175800444, 0.17190624948590993, 0.15076971042901277, 0.12666484860237687, 0.1615709424391389, 0.13801486240699887, 0.11947452697902917, 0.1455083518382162, 0.1438488830672577, 0.13431545921601354, 0.14578889971133321, 0.15066021306440233, 0.14117282179828566, 0.15585356794297694, 0.14744831504533068, 0.10234634860418737, 0.18703707697801292, 0.1651340716984123, 0.09737541435752065, 0.14738180029904469, 0.14747105601010843, 0.12269209465011954, 0.1287458043883089, 0.13881998261320405, 0.11391135648329509, 0.1298411136341747, 0.12027814875822514, 0.09145401814952493, 0.11198649274650961, 0.11387528217863291, 0.12432203976903111, 0.1494224447896704, 0.1017628982939641, 0.09450711626326665, 0.118243357129395, 0.11282241088338196, 0.14076472945511342, 0.08763410389743513, 0.14761159070767463, 0.09828108060872182, 0.12231326757231727, 0.09293715218664148, 0.1293115272005393, 0.10492944307858125, 0.12276715873973444, 0.09283890256425366, 0.10978195942007005, 0.11642159299088234, 0.0925765351334121, 0.10549348525382811, 0.13669762818644812], "acc": [0.045625, 0.12875, 0.260625, 0.349375, 0.45, 0.53125, 0.60125, 0.630625, 0.700625, 0.725, 0.75625, 0.78, 0.77625, 0.820625, 0.821875, 0.834375, 0.8325, 0.85625, 0.875625, 0.865625, 0.883125, 0.890625, 0.896875, 0.8925, 0.888125, 0.90125, 0.896875, 0.91125, 0.91125, 0.915625, 0.9137603043753963, 0.925, 0.910625, 0.925, 0.93375, 0.9275, 0.93125, 0.934375, 0.944375, 0.925625, 0.930625, 0.949375, 0.934375, 0.94, 0.94125, 0.95125, 0.93875, 0.94875, 0.9475, 0.950625, 0.948125, 0.9525, 0.96, 0.949375, 0.954375, 0.96125, 0.955, 0.9575, 0.961875, 0.9525, 0.95375, 0.9632213062777425, 0.95125, 0.9575, 0.9675, 0.946875, 0.95, 0.96625, 0.960625, 0.954375, 0.965, 0.96375, 0.969375, 0.961875, 0.966875, 0.9675, 0.9675, 0.96125, 0.963125, 0.964375, 0.959375, 0.968125, 0.973125, 0.9675, 0.96625, 0.966875, 0.970625, 0.958125, 0.969375, 0.965, 0.970625, 0.9644895370957515, 0.975, 0.969375, 0.96875, 0.97, 0.96875, 0.9725, 0.970625, 0.96375]}