{"val_loss": [1.8168636560440063, 1.3159908509254457, 0.9140003436803817, 1.34772301197052, 0.9027495175600052, 0.6429956570267678, 0.8772050695121288, 0.7249424248933792, 0.9851230728626251, 0.7767874189466238, 0.7426828277483583, 0.989865493029356, 0.722635422796011, 0.7258544232696295, 0.5485492765903472, 0.4903283538261894, 0.6581058548018336, 0.5763356258533895, 0.5484539793804288, 0.5581577056250535, 0.6186219661822708, 0.41206534934091904, 0.46490364662546196, 0.594343911694159, 0.6180022718009422], "val_acc": [0.6725, 0.805, 0.82375, 0.845, 0.9025, 0.8975, 0.89625, 0.905, 0.885, 0.92375, 0.92375, 0.9, 0.92125, 0.935, 0.93125, 0.94125, 0.93, 0.9475, 0.9425, 0.94375, 0.9417852522639069, 0.95375, 0.96125, 0.945, 0.94], "loss": [4.341708356142044, 1.2780172103643417, 0.9341228514909744, 0.846471039801836, 0.6757170380651951, 0.7653973357472569, 0.7585247777216136, 0.6729798558354377, 0.7053993166889996, 0.6915440997999395, 0.6166774104113574, 0.6251583324093372, 0.7974036473870365, 0.7297086812008637, 0.558818646928994, 0.46388216651714176, 0.40846112178245675, 0.6206256602622671, 0.5341988766631403, 0.4590899243945296, 0.44003716348030136, 0.4425451439609969, 0.47574402926583387, 0.34723615419031373, 0.48007544795987994], "acc": [0.43625, 0.803125, 0.865625, 0.8975, 0.926875, 0.926875, 0.9325, 0.946875, 0.944375, 0.945, 0.951875, 0.954375, 0.94375, 0.9475, 0.9575, 0.966875, 0.97, 0.95875, 0.959375, 0.968125, 0.96875, 0.96875, 0.9675, 0.976875, 0.9675]}